[Header],,,,,,,,,
IEMFileVersion,4,,,,,,,,
Investigator Name,GS,,,,,,,,
Experiment Name,UDS_NPM1_qPCR_flowcell21_4nM,,,,,,,,
Date,2020-02-24,,,,,,,,
Workflow,GenerateFASTQ,,,,,,,,
Application,FASTQ Only,,,,,,,,
Assay,TruSeq HT,,,,,,,,
Description,NPM1,,,,,,,,
Chemistry,Amplicon,,,,,,,,
,,,,,,,,,
[Reads],,,,,,,,,
151,,,,,,,,,
151,,,,,,,,,
,,,,,,,,,
[Settings],,,,,,,,,
,,,,,,,,,
[Data],,,,,,,,,
Sample_ID,Sample_Name,Sample_Plate,Sample_Well,I7_Index_ID,index,I5_Index_ID,index2,Sample_Project,Description
,,,,A701,ATCACGAC,A501,TGAACCTT,,
,,,,A702,ACAGTGGT,A502,TGCTAAGT,,
,,,,A703,CAGATCCA,A503,TGTTCTCT,,
,,,,A704,ACAAACGG,A504,TAAGACAC,,
,,,,A705,ACCCAGCA,A505,CTAATCGA,,
,,,,A708,CACCACAC,A506,CTAGAACA,,
,,,,A709,GAAACCCA,A507,TAAGTTCC,,
,,,,A710,TGTGACCA,A508,TAGACCTA,,
